participante_id,rotulo
P001,Participante 001
P002,Participante 002
P003,Participante 003
P004,Participante 004
P005,Participante 005
P006,Participante 006
P007,Participante 007
P008,Participante 008
P009,Participante 009
P010,Participante 010
P011,Participante 011
P012,Participante 012
P013,Participante 013
P014,Participante 014
P015,Participante 015
P016,Participante 016
P017,Participante 017
P018,Participante 018
P019,Participante 019
P020,Participante 020
P021,Participante 021
P022,Participante 022
P023,Participante 023
P024,Participante 024
P025,Participante 025
P026,Participante 026
P027,Participante 027
P028,Participante 028
P029,Participante 029
P030,Participante 030
P031,Participante 031
P032,Participante 032
P033,Participante 033
P034,Participante 034
P035,Participante 035
P036,Participante 036
P037,Participante 037
P038,Participante 038
P039,Participante 039
P040,Participante 040
P041,Participante 041
P042,Participante 042
P043,Participante 043
P044,Participante 044
P045,Participante 045
P046,Participante 046
P047,Participante 047
P048,Participante 048
P049,Participante 049
P050,Participante 050
P051,Participante 051
P052,Participante 052
P053,Participante 053
P054,Participante 054
P055,Participante 055
P056,Participante 056
P057,Participante 057
P058,Participante 058
P059,Participante 059
P060,Participante 060
P061,Participante 061
P062,Participante 062
P063,Participante 063
P064,Participante 064
P065,Participante 065
P066,Participante 066
P067,Participante 067
P068,Participante 068
P069,Participante 069
P070,Participante 070
P071,Participante 071
P072,Participante 072
P073,Participante 073
P074,Participante 074
P075,Participante 075
P076,Participante 076
P077,Participante 077
P078,Participante 078
P079,Participante 079
P080,Participante 080
P081,Participante 081
P082,Participante 082
P083,Participante 083
P084,Participante 084
P085,Participante 085
P086,Participante 086
P087,Participante 087
P088,Participante 088
P089,Participante 089
P090,Participante 090
P091,Participante 091
P092,Participante 092
P093,Participante 093
P094,Participante 094
P095,Participante 095
P096,Participante 096
P097,Participante 097
P098,Participante 098
P099,Participante 099
P100,Participante 100
P101,Participante 101
P102,Participante 102
P103,Participante 103
P104,Participante 104
P105,Participante 105
P106,Participante 106
P107,Participante 107
P108,Participante 108
P109,Participante 109
P110,Participante 110
P111,Participante 111
P112,Participante 112
P113,Participante 113
P114,Participante 114
P115,Participante 115
P116,Participante 116
P117,Participante 117
P118,Participante 118
P119,Participante 119
P120,Participante 120
P121,Participante 121
P122,Participante 122
P123,Participante 123
P124,Participante 124
P125,Participante 125
P126,Participante 126
P127,Participante 127
P128,Participante 128
P129,Participante 129
P130,Participante 130
P131,Participante 131
P132,Participante 132
P133,Participante 133
P134,Participante 134
P135,Participante 135
